{
	"credit": "Made with Blockbench",
	"ambientocclusion": false,
	"textures": {
		"1": "block/anvil_base",
		"3_side": "block/iron_block",
		"particle": "block/anvil_base"
	},
	"elements": [
		{
			"from": [5.36613, 4.86058, 6.93271],
			"to": [6.85304, 5.15689, 7.52533],
			"rotation": {"angle": -45, "axis": "z", "origin": [11.84445, 4.78939, 7.23759]},
			"faces": {
				"north": {"uv": [5.375, 2.5, 7.5, 13.75], "rotation": 90, "texture": "#3_side"},
				"east": {"uv": [0, 0, 0.625, 0.625], "rotation": 270, "texture": "#3_side"},
				"south": {"uv": [5.375, 2.5, 7.5, 13.75], "rotation": 270, "texture": "#3_side"},
				"west": {"uv": [0, 0, 0.625, 0.625], "rotation": 270, "texture": "#3_side"},
				"up": {"uv": [5.375, 2.5, 7.5, 13.75], "rotation": 270, "texture": "#3_side"},
				"down": {"uv": [5.375, 2.5, 7.5, 13.75], "rotation": 270, "texture": "#3_side"}
			}
		},
		{
			"from": [5.61613, 4.71242, 7.08086],
			"to": [6.85304, 5.30505, 7.37718],
			"rotation": {"angle": -45, "axis": "z", "origin": [11.84445, 4.78939, 7.23759]},
			"faces": {
				"north": {"uv": [5.25, 2.5, 7.25, 13.875], "rotation": 90, "texture": "#3_side"},
				"east": {"uv": [0, 0, 0.625, 0.625], "rotation": 270, "texture": "#3_side"},
				"south": {"uv": [5.25, 2.5, 7.25, 13.875], "rotation": 270, "texture": "#3_side"},
				"west": {"uv": [0, 0, 0.625, 0.625], "rotation": 270, "texture": "#3_side"},
				"up": {"uv": [5.25, 2.5, 7.25, 13.875], "rotation": 270, "texture": "#3_side"},
				"down": {"uv": [5.25, 2.5, 7.25, 13.875], "rotation": 270, "texture": "#3_side"}
			}
		},
		{
			"from": [5.92281, 6.84845, 6.93271],
			"to": [7.40972, 7.14476, 7.52533],
			"rotation": {"angle": 0, "axis": "z", "origin": [7.45386, 7.3953, 7.23759]},
			"faces": {
				"north": {"uv": [5.375, 2.375, 7.625, 13.75], "rotation": 90, "texture": "#3_side"},
				"east": {"uv": [0, 0, 0.625, 0.625], "rotation": 90, "texture": "#3_side"},
				"south": {"uv": [5.375, 2.375, 7.625, 13.75], "rotation": 270, "texture": "#3_side"},
				"west": {"uv": [0, 0, 0.625, 0.625], "texture": "#3_side"},
				"up": {"uv": [5.375, 2.375, 7.625, 13.75], "rotation": 270, "texture": "#3_side"},
				"down": {"uv": [5.375, 2.375, 7.625, 13.75], "rotation": 270, "texture": "#3_side"}
			}
		},
		{
			"from": [6.17281, 6.70029, 7.08086],
			"to": [7.40972, 7.29292, 7.37718],
			"rotation": {"angle": 0, "axis": "z", "origin": [7.45386, 7.3953, 7.23759]},
			"faces": {
				"north": {"uv": [5.5, 2.25, 7.75, 13.875], "rotation": 90, "texture": "#3_side"},
				"east": {"uv": [0, 0, 0.625, 0.625], "rotation": 90, "texture": "#3_side"},
				"south": {"uv": [5.5, 2.25, 7.75, 13.875], "rotation": 270, "texture": "#3_side"},
				"west": {"uv": [0, 0, 0.625, 0.625], "texture": "#3_side"},
				"up": {"uv": [5.5, 2.25, 7.75, 13.875], "rotation": 270, "texture": "#3_side"},
				"down": {"uv": [5.5, 2.25, 7.75, 13.875], "rotation": 270, "texture": "#3_side"}
			}
		},
		{
			"from": [7.7684, 6.74499, 7.06],
			"to": [11.1684, 6.93299, 7.4266],
			"rotation": {"angle": 22.5, "axis": "z", "origin": [7.45386, 7.3953, 7.23759]},
			"faces": {
				"north": {"uv": [1.625, 0, 3.625, 16], "rotation": 90, "texture": "#1"},
				"east": {"uv": [1.625, 0, 3.625, 16], "rotation": 270, "texture": "#1"},
				"south": {"uv": [1.875, 0, 3.875, 16], "rotation": 270, "texture": "#1"},
				"west": {"uv": [1.75, 0, 3.75, 16], "rotation": 270, "texture": "#1"},
				"up": {"uv": [1.625, 0, 3.625, 16], "rotation": 270, "texture": "#1"},
				"down": {"uv": [1.875, 0, 3.875, 16], "rotation": 270, "texture": "#1"}
			}
		},
		{
			"from": [6.24077, 6.91535, 7.06],
			"to": [8.00077, 7.10335, 7.4266],
			"rotation": {"angle": 0, "axis": "z", "origin": [7.45386, 7.3953, 7.23759]},
			"faces": {
				"north": {"uv": [1.5, 0, 3.5, 16], "rotation": 90, "texture": "#1"},
				"east": {"uv": [0, 0, 2, 16], "rotation": 270, "texture": "#1"},
				"south": {"uv": [1.5, 0, 3.5, 16], "rotation": 270, "texture": "#1"},
				"west": {"uv": [1.5, 0, 3.5, 16], "rotation": 270, "texture": "#1"},
				"up": {"uv": [1.5, 0, 3.5, 16], "rotation": 270, "texture": "#1"},
				"down": {"uv": [1.5, 0, 3.5, 16], "rotation": 270, "texture": "#1"}
			}
		},
		{
			"from": [5.68409, 4.94722, 7.06],
			"to": [7.44409, 5.13522, 7.4266],
			"rotation": {"angle": -45, "axis": "z", "origin": [11.84445, 4.78939, 7.23759]},
			"faces": {
				"north": {"uv": [1.75, 0, 3.75, 16], "rotation": 90, "texture": "#1"},
				"east": {"uv": [1.625, 0, 3.625, 16], "rotation": 270, "texture": "#1"},
				"south": {"uv": [2, 0, 4, 16], "rotation": 270, "texture": "#1"},
				"west": {"uv": [1.625, 0, 3.625, 16], "rotation": 270, "texture": "#1"},
				"up": {"uv": [1.75, 0, 3.75, 16], "rotation": 270, "texture": "#1"},
				"down": {"uv": [1.875, 0, 3.875, 16], "rotation": 270, "texture": "#1"}
			}
		},
		{
			"from": [10.29049, 6.18756, 7.06],
			"to": [10.47849, 8.99456, 7.4266],
			"rotation": {"angle": 22.5, "axis": "z", "origin": [11.84445, 4.78939, 7.23759]},
			"faces": {
				"north": {"uv": [2.125, 0, 3.25, 16], "texture": "#1"},
				"east": {"uv": [1.5, 0, 3.5, 16], "texture": "#1"},
				"south": {"uv": [1.25, 0, 3.25, 16], "texture": "#1"},
				"west": {"uv": [1.125, 0, 3.125, 16], "texture": "#1"},
				"up": {"uv": [1.25, 0, 3.25, 16], "texture": "#1"},
				"down": {"uv": [1.25, 0, 3.25, 16], "texture": "#1"}
			}
		},
		{
			"from": [9.1, 6.05, 7.1],
			"to": [9.45, 7.8, 7.3],
			"rotation": {"angle": 22.5, "axis": "z", "origin": [10.58134, 7.82992, 7.245]},
			"faces": {
				"north": {"uv": [0, 0, 16, 16], "texture": "#3_side"},
				"east": {"uv": [0, 0, 5.375, 16], "texture": "#3_side"},
				"south": {"uv": [0, 0, 16, 16], "texture": "#3_side"},
				"west": {"uv": [0, 0, 16, 16], "texture": "#3_side"},
				"up": {"uv": [0, 0, 16, 16], "texture": "#3_side"},
				"down": {"uv": [0, 0, 16, 16], "texture": "#3_side"}
			}
		},
		{
			"from": [9.4096, 6.55, 7.27],
			"to": [11.1096, 6.9, 7.42],
			"rotation": {"angle": 22.5, "axis": "z", "origin": [7.45386, 7.3953, 7.23759]},
			"faces": {
				"north": {"uv": [0, 0, 16, 16], "rotation": 270, "texture": "#3_side"},
				"east": {"uv": [0, 0, 16, 16], "rotation": 270, "texture": "#3_side"},
				"south": {"uv": [0, 0, 16, 16], "rotation": 270, "texture": "#3_side"},
				"west": {"uv": [0, 0, 16, 16], "rotation": 270, "texture": "#3_side"},
				"up": {"uv": [0, 0, 16, 16], "rotation": 270, "texture": "#3_side"},
				"down": {"uv": [0, 0, 6.375, 16], "rotation": 270, "texture": "#3_side"}
			}
		}
	],
	"gui_light": "front",
	"display": {
		"thirdperson_righthand": {
			"rotation": [46.69, 85.4, 75.23],
			"translation": [2.25, 0.25, 0.25],
			"scale": [1.86, 1.57, 2.45]
		},
		"thirdperson_lefthand": {
			"rotation": [95, -72, 0],
			"translation": [-2.25, 0, 0.25],
			"scale": [1.82, 1.79, 2.29]
		},
		"firstperson_righthand": {
			"rotation": [-132.78, 71.67, -135.77],
			"translation": [-2.75, 4.75, 6],
			"scale": [1.02, 0.84, 1.66]
		},
		"firstperson_lefthand": {
			"rotation": [110.5, -86, 16],
			"translation": [-5.25, 5.25, 6.5],
			"scale": [1.31, 0.88, 1.42]
		},
		"ground": {
			"rotation": [91, -25, 0],
			"scale": [1.5, 1.42, 1.35]
		},
		"gui": {
			"rotation": [1.6, 19.42, -129.56],
			"translation": [3.25, 0.5, 0],
			"scale": [2.76, 2.81, 3.38]
		},
		"head": {
			"rotation": [-32, 0, 0],
			"translation": [0, 10, -2],
			"scale": [1.2, 1.2, 1.2]
		},
		"fixed": {
			"rotation": [-3, -2, 5],
			"translation": [-1.75, 1, 1.75],
			"scale": [3.5, 3.5, 3.5]
		}
	},
	"groups": [
		{
			"name": "group",
			"origin": [11.84445, 4.78939, 7.23759],
			"color": 0,
			"children": [0, 1]
		},
		{
			"name": "group",
			"origin": [7.45386, 7.3953, 7.23759],
			"color": 0,
			"children": [2, 3]
		},
		{
			"name": "group",
			"origin": [11.84445, 4.78939, 7.23759],
			"color": 0,
			"children": [4, 5, 6, 7]
		},
		8,
		9
	]
}